Teams_or_players,Median_Req_Age,Mean_Req_Age,Std_Req_Age,Median_Pltime_matches_played,Mean_Pltime_matches_played,Std_Pltime_matches_played,Median_Pltime_starts,Mean_Pltime_starts,Std_Pltime_starts,Median_Pltime_minutes,Mean_Pltime_minutes,Std_Pltime_minutes,Median_Defen_Blocks,Mean_Defen_Blocks,Std_Defen_Blocks,Median_Defen_Int,Mean_Defen_Int,Std_Defen_Int,Median_Defen_Pass,Mean_Defen_Pass,Std_Defen_Pass,Median_Defen_Sh,Mean_Defen_Sh,Std_Defen_Sh,Median_Defen_Tkl,Mean_Defen_Tkl,Std_Defen_Tkl,Median_Defen_TklW,Mean_Defen_TklW,Std_Defen_TklW,Median_Exp_xAG,Mean_Exp_xAG,Std_Exp_xAG,Median_Exp_xG,Mean_Exp_xG,Std_Exp_xG,Median_GK_CSPct,Mean_GK_CSPct,Std_GK_CSPct,Median_GK_GA90,Mean_GK_GA90,Std_GK_GA90,Median_GK_PK_SavePct,Mean_GK_PK_SavePct,Std_GK_PK_SavePct,Median_GK_SavePct,Mean_GK_SavePct,Std_GK_SavePct,Median_GnS_GCA,Mean_GnS_GCA,Std_GnS_GCA,Median_GnS_GCA90,Mean_GnS_GCA90,Std_GnS_GCA90,Median_GnS_SCA,Mean_GnS_SCA,Std_GnS_SCA,Median_GnS_SCA90,Mean_GnS_SCA90,Std_GnS_SCA90,Median_Misc_Crs,Mean_Misc_Crs,Std_Misc_Crs,Median_Misc_Fld,Mean_Misc_Fld,Std_Misc_Fld,Median_Misc_Fls,Mean_Misc_Fls,Std_Misc_Fls,Median_Misc_Lost,Mean_Misc_Lost,Std_Misc_Lost,Median_Misc_Off,Mean_Misc_Off,Std_Misc_Off,Median_Misc_Recov,Mean_Misc_Recov,Std_Misc_Recov,Median_Misc_Won,Mean_Misc_Won,Std_Misc_Won,Median_Misc_WonPct,Mean_Misc_WonPct,Std_Misc_WonPct,Median_Pass_1Per3,Mean_Pass_1Per3,Std_Pass_1Per3,Median_Pass_Cmp,Mean_Pass_Cmp,Std_Pass_Cmp,Median_Pass_CmpPct,Mean_Pass_CmpPct,Std_Pass_CmpPct,Median_Pass_CrsPA,Mean_Pass_CrsPA,Std_Pass_CrsPA,Median_Pass_KP,Mean_Pass_KP,Std_Pass_KP,Median_Pass_PPA,Mean_Pass_PPA,Std_Pass_PPA,Median_Pass_PrgP,Mean_Pass_PrgP,Std_Pass_PrgP,Median_Pass_TotDist,Mean_Pass_TotDist,Std_Pass_TotDist,Median_Pass_cpt_long,Mean_Pass_cpt_long,Std_Pass_cpt_long,Median_Pass_cpt_medium,Mean_Pass_cpt_medium,Std_Pass_cpt_medium,Median_Pass_cpt_short,Mean_Pass_cpt_short,Std_Pass_cpt_short,Median_Perf_assists,Mean_Perf_assists,Std_Perf_assists,Median_Perf_goals,Mean_Perf_goals,Std_Perf_goals,Median_Perf_red_cards,Mean_Perf_red_cards,Std_Perf_red_cards,Median_Perf_yellow_cards,Mean_Perf_yellow_cards,Std_Perf_yellow_cards,Median_Poss_1Per3,Mean_Poss_1Per3,Std_Poss_1Per3,Median_Poss_Att,Mean_Poss_Att,Std_Poss_Att,Median_Poss_Att_3rd,Mean_Poss_Att_3rd,Std_Poss_Att_3rd,Median_Poss_Att_Pen,Mean_Poss_Att_Pen,Std_Poss_Att_Pen,Median_Poss_CPA,Mean_Poss_CPA,Std_Poss_CPA,Median_Poss_Carries,Mean_Poss_Carries,Std_Poss_Carries,Median_Poss_Def_3rd,Mean_Poss_Def_3rd,Std_Poss_Def_3rd,Median_Poss_Def_Pen,Mean_Poss_Def_Pen,Std_Poss_Def_Pen,Median_Poss_Dis,Mean_Poss_Dis,Std_Poss_Dis,Median_Poss_Mid_3rd,Mean_Poss_Mid_3rd,Std_Poss_Mid_3rd,Median_Poss_Mis,Mean_Poss_Mis,Std_Poss_Mis,Median_Poss_PrgC,Mean_Poss_PrgC,Std_Poss_PrgC,Median_Poss_PrgDist,Mean_Poss_PrgDist,Std_Poss_PrgDist,Median_Poss_PrgR,Mean_Poss_PrgR,Std_Poss_PrgR,Median_Poss_Rec,Mean_Poss_Rec,Std_Poss_Rec,Median_Poss_SuccPct,Mean_Poss_SuccPct,Std_Poss_SuccPct,Median_Poss_TkldPct,Mean_Poss_TkldPct,Std_Poss_TkldPct,Median_Poss_touches,Mean_Poss_touches,Std_Poss_touches,Median_Prog_PrgC,Mean_Prog_PrgC,Std_Prog_PrgC,Median_Prog_PrgP,Mean_Prog_PrgP,Std_Prog_PrgP,Median_Prog_PrgR,Mean_Prog_PrgR,Std_Prog_PrgR,Median_Shoot_Dist,Mean_Shoot_Dist,Std_Shoot_Dist,Median_Shoot_GPerSh,Mean_Shoot_GPerSh,Std_Shoot_GPerSh,Median_Shoot_SoTPct,Mean_Shoot_SoTPct,Std_Shoot_SoTPct,Median_Shoot_SoTPer90,Mean_Shoot_SoTPer90,Std_Shoot_SoTPer90,Median_per90_Ast,Mean_per90_Ast,Std_per90_Ast,Median_per90_Gls,Mean_per90_Gls,Std_per90_Gls,Median_per90_xG,Mean_per90_xG,Std_per90_xG,Median_per90_xGA,Mean_per90_xGA,Std_per90_xGA
All,26.0,26.3988,4.2523,23.0,21.2227,9.976,14.0,15.5668,10.9572,1337.0,1395.8664,927.799,12.0,15.4656,13.8628,7.0,11.3239,11.8652,8.0,10.2368,9.4782,2.0,5.2287,7.3872,17.0,24.8968,22.8633,10.0,14.8866,14.0275,0.9,1.5162,1.8906,0.9,2.0492,3.1236,17.9,23.5275,22.3591,1.485,1.689,0.7402,0.0,17.8481,29.4016,68.15,66.3,9.7018,2.0,3.5223,4.2511,0.15,0.2128,0.2216,21.0,32.2854,32.5865,1.795,2.0718,1.4174,9.0,24.832,36.266,10.0,15.2045,14.9403,12.0,15.6802,13.9698,13.0,18.3563,18.7556,1.0,2.4069,4.0054,45.0,58.8704,46.9659,10.0,18.3887,21.6227,50.0,48.7372,21.5726,29.0,43.7389,45.4773,456.5,560.6964,465.5441,80.15,79.2366,8.2859,1.0,2.8097,4.3703,8.0,13.7996,15.5269,6.0,11.7571,14.5674,37.5,52.0891,50.5311,7306.0,9638.417,8432.2916,53.7,54.2528,15.7307,85.7,83.9761,10.129,89.9,88.7377,6.7826,1.0,1.5081,2.2199,1.0,2.0304,3.5487,0.0,0.0911,0.3084,2.0,2.996,2.6361,13.0,17.7632,18.4351,142.0,214.6296,212.2151,142.0,214.6296,212.2151,20.0,34.9919,41.5609,2.0,8.2227,14.4593,401.5,475.1053,363.578,159.0,280.6316,311.8542,31.0,95.6964,178.0917,8.0,13.334,14.9168,279.5,360.8866,319.7647,13.0,19.2571,19.7169,15.0,26.3968,31.0655,1039.5,1318.9717,1109.3856,25.0,51.4433,64.8221,483.5,554.9575,426.4061,45.0,46.5519,22.4404,43.8,42.3532,21.454,738.0,847.7895,631.1617,15.0,26.3968,31.0655,37.5,52.0891,50.5311,25.0,51.4433,64.8221,16.4,16.7441,5.0574,0.06,0.0788,0.1002,30.0,29.5482,19.8617,0.23,0.3986,0.4654,0.04,0.0895,0.1228,0.03,0.12,0.1823,0.07,0.133,0.1595,0.07,0.0967,0.1002
Arsenal,26.5,25.9545,3.8232,23.5,23.2727,8.0663,16.5,17.5,10.3957,1478.5,1564.4545,902.9765,10.0,13.6818,11.1671,6.0,9.6364,8.867,7.5,9.2727,7.8872,1.5,4.4091,6.8359,19.5,24.6364,20.7262,12.0,14.6818,12.6355,0.9,1.9318,2.1877,1.65,2.5636,2.641,34.3,34.3,,0.89,0.89,,0.0,0.0,,74.1,74.1,,3.0,5.0,5.5976,0.24,0.2923,0.2995,25.0,39.8636,34.143,2.24,2.45,1.4036,11.0,32.1818,42.6901,17.0,17.0455,12.4038,14.0,16.9545,11.2736,15.5,19.3636,17.6461,2.0,3.5455,3.6869,49.5,59.6818,41.3676,10.5,19.9091,19.7867,51.15,47.8273,19.0147,40.5,58.0909,52.9185,468.5,717.6818,560.3351,82.95,82.3227,6.2657,1.5,3.0,3.6253,10.0,17.5,17.7811,9.0,18.2727,18.4937,56.5,77.0,62.4431,7398.0,11757.9545,9938.8909,53.35,55.3182,9.7625,86.3,84.9545,7.8595,91.75,90.8864,4.6747,1.5,2.3182,2.7497,2.0,2.8182,2.8054,0.0,0.2273,0.5284,2.5,2.9091,1.9739,19.5,21.9545,18.3679,225.0,323.0909,237.024,225.0,323.0909,237.024,38.5,53.7727,50.3615,4.5,12.1364,15.459,427.0,593.2727,410.16,125.0,254.4545,337.0263,25.0,75.8182,170.0133,13.5,15.8636,13.5235,296.0,439.0,390.8871,15.5,20.1364,15.9442,23.0,35.3182,32.6969,1358.0,1677.6364,1143.7039,52.0,75.9545,77.4882,552.0,710.8636,492.2019,44.65,49.2682,22.4432,36.4,37.4045,18.0575,771.5,1008.9545,673.6841,23.0,35.3182,32.6969,56.5,77.0,62.4431,52.0,75.9545,77.4882,15.0,14.6429,4.9693,0.14,0.1371,0.1297,30.9,27.8619,16.6777,0.22,0.4091,0.4097,0.105,0.1373,0.15,0.105,0.1627,0.1641,0.1,0.1527,0.1417,0.09,0.1195,0.1171
Aston Villa,27.0,26.7143,4.0539,20.5,19.4286,10.3331,9.5,13.75,11.6607,1004.0,1235.3571,943.1826,10.0,10.8571,9.1519,5.0,8.0714,8.3796,5.5,7.25,6.3691,2.5,3.6071,4.3148,10.5,21.3929,20.5523,6.0,12.3214,12.5168,0.45,1.4321,2.0083,0.8,1.9536,2.9725,58.8,58.8,58.2656,1.68,1.68,0.4525,50.0,50.0,,61.15,61.15,7.8489,2.0,3.4286,3.8819,0.18,0.2311,0.2099,20.0,28.6429,29.9335,1.825,2.1086,1.3797,4.5,19.9643,34.2372,9.0,16.3929,17.8478,8.5,13.5357,13.5469,9.5,13.8571,13.9037,1.0,1.8214,2.8681,37.5,46.75,36.8959,8.0,12.4286,12.179,50.0,40.3704,23.9945,23.5,38.0,46.9105,402.5,491.0,427.6367,81.95,81.2429,7.1856,0.0,1.8571,3.699,6.5,12.1071,14.9377,7.5,10.5,12.6711,34.0,44.1786,48.1995,5738.0,8421.5714,7968.7455,53.9,54.4857,15.355,86.45,86.4393,7.7285,91.45,90.0714,5.5,0.0,1.5,2.396,1.0,1.8929,3.2924,0.0,0.0714,0.2623,2.0,2.4286,2.2514,12.5,14.75,13.111,117.5,176.9643,169.9923,117.5,176.9643,169.9923,20.5,31.5357,37.6027,2.0,7.1786,10.5832,397.0,408.2857,318.5089,133.0,242.9643,300.2408,30.0,86.9643,191.6212,8.0,12.8929,15.3172,244.0,308.7143,300.8221,9.0,16.7857,21.6408,16.5,23.7857,23.6602,1086.5,1180.8214,939.9881,21.0,43.75,51.9962,483.5,482.0357,387.3447,47.4,50.0556,24.8316,40.0,38.9037,22.868,655.0,721.4643,574.5981,16.5,23.7857,23.6602,34.0,44.1786,48.1995,21.0,43.75,51.9962,16.7,16.888,4.4888,0.06,0.0744,0.0799,27.8,29.024,21.7011,0.195,0.4643,0.6784,0.0,0.0854,0.1143,0.035,0.17,0.2806,0.08,0.1932,0.247,0.05,0.0907,0.1036
Bournemouth,26.0,25.9565,3.8195,26.0,22.2174,10.18,17.0,16.6957,11.6324,1670.0,1494.6087,1004.3941,16.0,18.8261,16.6942,10.0,14.3913,15.6227,8.0,13.087,12.6416,3.0,5.7391,7.2627,21.0,27.9565,23.4336,10.0,16.1304,14.508,1.1,1.8087,1.8742,1.1,2.6826,3.5772,20.0,15.0,13.2288,1.0,1.0833,0.1443,0.0,0.0,,80.0,80.0,4.6,2.0,3.9565,4.1939,0.21,0.2283,0.2069,28.0,40.7826,36.3455,2.35,2.5722,1.8681,10.0,32.9565,41.3725,10.0,15.6087,13.8949,16.0,20.5217,17.9845,22.0,24.6087,20.9799,0.0,2.7391,5.0742,59.0,73.2174,57.2538,20.0,23.1739,21.2959,47.0,50.1818,18.4001,37.0,48.2174,47.7255,436.0,504.7826,408.7612,74.3,73.9304,6.5757,2.0,4.0435,5.5307,11.0,17.7826,16.5583,7.0,13.2174,13.8694,43.0,58.4783,52.0523,7088.0,9147.9565,7897.3917,47.8,46.6609,17.8875,78.3,81.6217,10.8018,88.0,86.8435,7.0899,1.0,1.6957,2.0546,1.0,2.3478,3.588,0.0,0.087,0.2881,3.0,3.8696,3.0793,17.0,21.087,20.4271,133.0,239.7391,238.2043,133.0,239.7391,238.2043,19.0,39.5217,48.0822,1.0,9.087,16.0281,483.0,458.3478,342.4985,159.0,257.3043,280.4486,44.0,90.2609,153.4658,8.0,14.087,17.2229,316.0,365.9565,322.8818,18.0,23.5217,21.6057,19.0,29.8696,34.6532,1183.0,1442.087,1300.3993,31.0,57.6522,71.6117,435.0,499.6957,370.4773,41.15,43.23,19.2265,45.1,42.83,19.1706,783.0,852.4783,626.549,19.0,29.8696,34.6532,43.0,58.4783,52.0523,31.0,57.6522,71.6117,16.45,15.805,4.3759,0.065,0.06,0.0567,29.7,25.02,16.673,0.15,0.5383,0.6496,0.04,0.1004,0.1145,0.03,0.1352,0.1801,0.08,0.1809,0.2023,0.1,0.1283,0.1486
Brentford,24.0,25.6667,3.8644,28.0,23.5238,11.3825,21.0,18.3333,13.2979,1913.0,1638.0952,1122.0364,17.0,21.1905,19.307,8.0,12.7619,12.3,13.0,12.4762,10.3857,4.0,8.7143,12.9427,25.0,27.5238,22.2343,17.0,16.5238,12.8904,1.2,1.8952,2.231,0.8,2.6095,4.1968,58.8,58.8,58.2656,1.385,1.385,0.2051,0.0,0.0,,61.55,61.55,16.3342,2.0,5.0,5.8224,0.2,0.279,0.2717,21.0,34.0952,35.6888,1.72,1.8748,1.1583,14.0,29.5238,45.9855,10.0,15.0476,14.579,12.0,13.3333,10.8228,14.0,23.9524,23.9614,1.0,2.9524,4.4775,50.0,71.0,55.4509,12.0,27.5238,31.9212,55.5,54.8857,19.6098,42.0,48.0952,40.9193,489.0,582.2381,445.7851,77.3,76.6905,7.8443,2.0,3.9048,5.2717,9.0,14.5238,17.5374,7.0,14.0,18.7003,52.0,58.2857,54.4942,7626.0,10679.1429,9438.2282,55.0,54.8429,13.4926,79.9,82.2857,9.7314,87.7,86.7952,7.6693,2.0,1.9524,2.4388,0.0,2.9048,5.5399,0.0,0.0476,0.2182,2.0,2.5238,1.8873,11.0,15.9524,18.8162,160.0,230.0476,234.9209,160.0,230.0476,234.9209,24.0,43.0,47.1911,1.0,9.1905,17.5317,410.0,493.6667,361.5539,232.0,366.4762,421.0808,52.0,145.5714,290.9087,8.0,12.5714,13.5446,348.0,349.0476,279.6438,14.0,23.2857,26.4483,12.0,25.8571,32.3764,1204.0,1371.5714,1143.6433,27.0,57.5714,77.18,497.0,573.5238,410.8683,46.5,48.7632,19.8801,42.1,42.0947,16.4763,804.0,937.0476,669.6892,12.0,25.8571,32.3764,52.0,58.2857,54.4942,27.0,57.5714,77.18,15.3,15.9333,4.3117,0.05,0.0783,0.0867,34.8,30.8889,17.798,0.17,0.3152,0.3817,0.09,0.0986,0.1041,0.0,0.1157,0.1946,0.06,0.121,0.1608,0.08,0.1043,0.0894
Brighton & Hove Albion,24.0,25.5357,5.1817,21.0,19.5357,10.0351,10.0,13.75,10.1274,929.5,1233.8214,890.9927,12.0,14.4286,12.2578,8.5,10.3571,9.9451,9.5,10.4286,9.9496,2.0,4.0,5.4501,16.5,22.6429,19.7619,10.0,13.8214,12.0924,1.0,1.3214,1.3985,0.75,1.9107,2.6436,34.1,34.1,22.486,1.085,1.085,0.8273,0.0,0.0,,69.85,69.85,7.2832,3.0,3.5357,3.0121,0.285,0.2979,0.2752,24.0,29.9643,23.6385,2.81,2.47,1.2197,10.0,22.5357,27.8388,8.0,13.6786,14.5604,11.0,14.6071,12.4643,11.0,15.6786,14.8175,1.0,1.4643,1.8355,40.5,53.0714,44.2476,12.0,17.25,18.5425,53.8,50.0593,20.0934,23.0,38.6429,48.6326,343.0,517.2143,488.9753,80.55,79.3286,8.1566,1.0,2.8571,3.8173,9.5,11.8929,10.064,7.5,10.9286,10.509,40.0,49.7857,50.208,4862.0,8798.5714,9292.4584,52.55,54.0464,15.5936,82.1,81.2643,10.6223,90.3,89.5286,6.1106,1.0,1.3214,1.6114,1.0,1.9643,2.9998,0.0,0.1071,0.315,2.0,2.6786,2.5971,16.0,18.5714,18.6238,149.0,199.4643,179.511,149.0,199.4643,179.511,17.0,34.5714,42.0277,3.0,8.5,14.9951,377.0,455.5,391.5661,121.5,247.3929,328.1287,23.5,85.6786,197.2154,7.0,11.5,12.3663,229.0,337.5,329.7354,10.5,18.8929,19.1608,18.5,26.3571,30.0138,1092.0,1366.3929,1430.1863,27.0,49.4643,62.5936,417.0,511.25,430.07,43.8,45.5296,21.1955,46.2,46.4222,20.5027,644.5,775.75,627.3337,18.5,26.3571,30.0138,40.0,49.7857,50.208,27.0,49.4643,62.5936,16.5,17.4577,3.8229,0.055,0.0804,0.09,29.3,30.5654,21.9421,0.295,0.4482,0.6494,0.035,0.0918,0.1313,0.045,0.1207,0.1489,0.09,0.1286,0.1185,0.085,0.1025,0.0783
Chelsea,24.0,23.8077,2.3155,18.0,19.6923,11.2633,11.5,14.8077,11.7916,1046.5,1329.5,1029.0452,9.0,12.6538,13.8418,7.5,9.9231,11.4714,5.5,8.9231,10.0714,1.5,3.7308,5.6325,11.0,20.7308,23.884,8.5,13.0,14.7675,1.05,1.9654,2.4763,0.75,2.5654,4.2095,22.15,22.15,7.7075,1.3,1.3,0.2828,10.0,10.0,14.1421,73.85,73.85,3.4648,2.5,4.0769,4.7068,0.23,0.2535,0.2427,15.0,38.9615,47.7506,1.72,2.3165,1.6787,3.0,23.6923,40.5963,10.5,15.8846,16.9076,8.0,15.4615,16.1474,8.5,13.8462,14.6934,1.0,2.3462,4.6298,38.0,55.9231,51.3964,9.5,14.2692,16.576,42.1,46.872,26.2719,27.5,53.8846,58.5124,521.0,648.7308,587.2944,84.75,84.0577,6.441,0.0,2.7308,5.4886,6.5,16.8077,21.8504,4.0,12.8077,17.1161,34.5,57.5385,63.003,7782.0,11225.0,10550.4809,57.5,57.1538,17.9836,90.7,88.5423,7.3022,91.9,91.0654,5.6971,1.0,1.7308,2.2549,1.0,2.2692,3.6503,0.0,0.0385,0.1961,2.5,3.6923,3.1971,9.5,17.4231,19.2337,92.5,231.2692,258.9231,92.5,231.2692,258.9231,12.0,40.8462,52.0051,1.0,11.5769,21.6927,405.5,522.6154,421.2077,126.5,271.6154,334.7029,20.0,85.0,179.5597,5.5,10.7692,12.0542,267.5,407.0385,412.5582,6.0,16.3462,19.8876,11.0,31.1923,41.0989,1016.0,1491.1538,1199.7684,11.5,56.8077,76.2575,523.0,643.4231,538.6618,45.05,45.9917,20.5666,40.0,39.5958,22.1119,744.5,902.2308,767.0821,11.0,31.1923,41.0989,34.5,57.5385,63.003,11.5,56.8077,76.2575,15.0,15.0739,4.5562,0.07,0.0935,0.1185,33.3,29.8826,21.6803,0.275,0.4546,0.4854,0.065,0.1315,0.1842,0.05,0.1454,0.2047,0.08,0.1562,0.1783,0.095,0.1542,0.1703
Crystal Palace,27.0,26.6667,3.2609,30.0,24.0476,10.6324,19.0,18.2381,12.8721,1652.0,1633.0476,1082.8501,19.0,21.0476,18.018,11.0,14.2381,14.4841,13.0,14.9048,12.8915,3.0,6.1429,6.9086,21.0,33.1429,29.9354,14.0,19.619,18.8931,1.5,1.9143,2.1282,1.1,2.5524,3.4639,28.6,28.6,,1.37,1.37,,50.0,50.0,,67.1,67.1,,3.0,3.619,3.4275,0.15,0.1729,0.166,27.0,37.6667,35.4166,2.0,2.2067,1.503,11.0,26.9048,32.7428,19.0,17.9524,15.8666,12.0,18.0476,16.1971,19.0,28.1905,25.8624,1.0,3.1905,4.9155,64.0,72.9048,54.036,17.0,22.381,22.3662,43.6,41.1143,18.5062,27.0,38.7143,32.3112,541.0,519.1905,395.3221,75.6,74.081,6.9617,1.0,3.0476,4.3758,9.0,16.1429,16.2274,4.0,11.9524,12.7494,47.0,50.1429,39.5048,8735.0,9320.0476,7646.4615,46.7,49.9571,18.5866,81.1,79.8238,10.5317,84.5,84.2905,6.4619,1.0,1.5238,2.0885,0.0,1.9048,3.4045,0.0,0.1905,0.4024,2.0,3.619,3.3686,10.0,15.381,14.1155,146.0,197.0952,188.1252,146.0,197.0952,188.1252,18.0,34.4286,36.3064,1.0,5.2381,7.5094,430.0,444.7619,315.4619,181.0,330.5238,366.7375,30.0,110.6667,217.5197,13.0,14.6667,14.3713,377.0,369.2381,273.537,16.0,21.6667,21.0484,11.0,21.7143,22.7115,1004.0,1094.4762,800.9814,11.0,49.619,64.7592,533.0,514.4286,354.9626,40.0,41.88,23.6643,45.55,47.97,26.2736,871.0,888.3333,626.8676,11.0,21.7143,22.7115,47.0,50.1429,39.5048,11.0,49.619,64.7592,17.7,18.1238,5.7053,0.0,0.0595,0.0839,31.6,29.2381,17.7241,0.34,0.491,0.4643,0.03,0.0605,0.079,0.0,0.0852,0.1301,0.08,0.1414,0.1407,0.11,0.101,0.0741
Everton,26.0,27.5,5.0498,24.0,22.4091,9.2873,15.0,17.4545,10.6491,1357.5,1565.2273,904.2692,13.0,16.3636,14.3346,9.5,13.8636,13.0468,7.5,10.5,8.5843,3.0,5.8636,9.3874,26.0,30.8636,28.2359,14.5,18.0455,17.0614,1.05,1.3,1.108,1.1,1.7,2.019,28.6,28.6,,1.23,1.23,,100.0,100.0,,71.1,71.1,,2.0,2.5455,2.0869,0.11,0.18,0.1744,25.5,29.4091,19.353,1.76,1.8809,1.0815,8.5,28.7273,36.7231,14.0,15.6364,12.6021,15.0,18.3182,13.5695,15.0,23.5,23.6457,1.0,3.5,6.3076,56.0,63.4545,47.0428,11.5,25.4545,29.2879,50.6,48.35,19.1057,36.5,41.8636,34.9589,428.5,473.5,339.2598,74.15,74.5773,7.8982,2.0,3.8182,5.3598,9.5,12.3182,9.795,8.0,10.8636,10.2134,40.0,43.5,35.4008,7396.5,8940.7273,7796.0479,58.3,57.4727,14.9878,83.2,80.3,12.0458,86.45,85.3364,7.5168,1.0,1.0,1.1127,1.0,1.5,2.1325,0.0,0.0909,0.2942,3.0,3.4091,2.1747,11.5,15.2273,11.5426,180.5,200.7727,144.5867,180.5,200.7727,144.5867,19.0,30.0909,26.0346,2.0,5.0909,7.0973,377.5,396.3636,246.8149,170.0,288.7727,360.4805,31.0,101.5,217.8315,11.5,16.3182,14.2575,301.5,327.7273,235.5278,12.5,21.5909,20.3017,12.0,20.3182,20.5018,761.5,1053.9091,818.4768,24.0,42.5455,40.9433,439.5,468.8636,275.2871,47.2,46.8857,18.2873,45.0,45.3476,18.5516,746.5,808.6364,510.6739,12.0,20.3182,20.5018,40.0,43.5,35.4008,24.0,42.5455,40.9433,17.3,17.2714,5.3326,0.05,0.081,0.1057,35.7,32.5524,23.1568,0.235,0.3627,0.3804,0.035,0.0755,0.0991,0.04,0.0936,0.1308,0.05,0.1114,0.1233,0.055,0.0805,0.0696
Fulham,28.0,28.4091,3.4039,27.0,24.5,9.3287,17.5,17.4545,11.4963,1620.5,1568.2727,963.2437,14.0,15.4545,11.2068,8.5,12.7273,13.7189,11.0,10.8636,8.0492,2.0,4.5909,6.2994,23.5,28.2727,23.0056,12.0,17.2273,14.422,1.0,1.6273,1.8823,1.05,2.1227,2.6849,14.3,14.3,,1.34,1.34,,0.0,0.0,,68.3,68.3,,3.0,4.1364,4.2683,0.18,0.2286,0.1974,30.5,38.6364,31.6251,2.195,2.5418,1.7432,15.0,37.9091,51.354,15.5,14.9545,11.0042,15.5,17.9545,14.2978,19.0,22.2727,21.1732,1.0,1.8636,3.2115,61.0,67.7273,44.7386,15.0,22.3182,23.0411,47.2,45.9136,21.2689,44.5,56.5,48.6619,652.0,678.5455,508.4215,81.65,80.4227,7.9504,2.5,4.5,7.2095,10.0,16.4545,16.9473,8.0,13.8636,18.899,53.0,65.3182,49.518,11199.0,12124.0455,9949.9474,58.2,59.1591,12.9738,85.25,84.3773,9.0817,90.5,88.6636,6.5391,1.0,1.9091,2.5618,0.5,2.2273,3.265,0.0,0.0909,0.2942,2.5,3.4091,2.9866,18.0,23.2727,23.4118,209.0,264.1364,227.0769,209.0,264.1364,227.0769,32.0,39.0455,38.117,4.5,9.2273,11.1566,533.5,590.0455,418.9373,155.5,334.9545,397.4031,26.5,109.0455,236.8617,8.0,11.5455,11.6771,388.5,412.1364,324.877,14.5,21.2273,18.2989,22.0,32.8182,36.1882,1222.5,1603.3636,1309.0667,39.0,64.1818,71.8409,632.5,671.6818,460.8046,43.6,43.4429,18.895,41.7,37.4714,15.1868,976.0,1000.6364,689.4235,22.0,32.8182,36.1882,53.0,65.3182,49.518,39.0,64.1818,71.8409,15.4,16.3429,4.2662,0.05,0.0729,0.0913,29.7,29.2524,18.7212,0.26,0.5236,0.5701,0.085,0.1027,0.117,0.015,0.1614,0.2392,0.085,0.1459,0.1507,0.085,0.1009,0.0811
Ipswich Town,26.0,26.5,3.1045,18.5,18.2,9.0149,11.5,12.8333,9.685,984.5,1146.7667,798.9913,8.0,13.4333,13.9573,6.5,9.6667,9.4407,6.5,7.6667,7.5628,2.0,5.7667,9.6264,12.5,18.4,16.5813,8.0,10.5,9.475,0.4,0.71,0.9714,0.6,1.07,1.7597,5.6,7.4333,8.4996,2.45,2.3167,0.4356,0.0,0.0,0.0,58.7,62.1,6.8637,1.0,1.8667,2.08,0.11,0.1413,0.1605,13.0,19.1667,21.0911,1.395,1.5193,1.2287,6.5,15.1333,28.7555,9.0,12.2667,11.7794,8.5,13.4,14.7639,14.5,16.7667,18.1938,0.5,1.5,2.7761,39.5,44.3,35.8071,7.0,16.8333,22.6899,50.0,52.1367,26.4721,18.0,26.2667,28.8515,226.0,347.0667,310.1868,75.7,75.1133,8.1365,0.0,1.5,2.8376,4.5,8.2667,11.0826,4.0,4.9,5.9848,20.0,27.6667,25.7727,4256.5,6204.0,5602.858,50.0,48.5214,13.2522,84.4,81.5867,10.9448,87.0,87.1433,7.355,0.0,0.8333,1.0854,0.0,1.1333,2.3154,0.0,0.1667,0.379,2.0,2.9667,2.6455,6.5,9.9667,11.0718,102.5,119.4667,122.4336,102.5,119.4667,122.4336,11.5,17.7667,21.3827,1.5,4.4333,7.655,224.0,285.9333,222.5434,127.5,238.9,253.52,28.0,93.5667,133.9907,5.0,10.6333,14.3779,163.0,228.1667,214.5089,11.0,16.7333,21.0056,9.0,15.0667,18.268,597.5,780.4,623.8107,14.5,27.2333,35.3706,255.0,343.7,282.961,45.4,44.3045,11.7137,43.35,45.2545,8.9857,438.5,580.0667,467.2064,9.0,15.0667,18.268,20.0,27.6667,25.7727,14.5,27.2333,35.3706,16.2,16.5667,5.2879,0.075,0.0738,0.0798,22.85,28.7542,24.4961,0.085,0.2987,0.4006,0.0,0.0677,0.1036,0.0,0.0917,0.1509,0.04,0.0913,0.1144,0.03,0.057,0.0582
Leicester City,26.0,26.6923,4.5057,21.5,20.2308,9.7172,15.0,14.8077,9.968,1408.0,1329.1923,824.5063,16.5,17.7308,14.0016,9.5,11.7692,11.9073,9.0,10.9615,8.6555,4.0,6.7692,8.1991,21.5,25.8462,22.301,12.0,15.0769,13.532,0.4,0.9192,1.1405,0.4,1.1846,2.1716,3.7,6.0,7.4223,2.19,2.6333,1.2077,25.0,25.0,,61.3,55.2667,13.3178,1.0,1.9231,2.3651,0.105,0.1242,0.1428,15.5,20.8846,18.8177,1.325,1.3635,0.9828,9.5,22.6154,27.9658,12.0,13.4615,11.9037,13.5,14.4615,10.882,15.5,20.0385,17.8628,1.0,2.2692,4.9117,42.0,53.0,37.7285,12.0,17.9231,16.9657,50.0,49.2083,19.7493,24.5,34.8077,31.72,424.0,499.6923,371.7057,77.7,78.1115,8.3948,1.0,2.4615,4.0123,6.5,9.0385,9.3316,5.5,7.6923,8.4464,30.5,38.8462,34.9591,6483.0,8378.4615,6446.1217,53.2,55.0577,17.7516,83.0,84.3885,9.0714,89.05,88.7808,6.9812,0.0,0.8462,1.1897,0.0,1.1154,2.0065,0.0,0.0,0.0,2.0,3.1154,2.6431,8.0,13.1923,12.4419,104.0,146.1538,134.9645,104.0,146.1538,134.9645,15.5,22.4231,24.6255,2.5,5.0385,6.2768,445.0,440.8846,286.6085,149.0,284.0769,284.7115,34.0,101.4615,167.5229,9.0,11.6154,13.0509,325.5,353.6154,278.4137,13.0,17.2692,15.7596,15.0,21.0385,22.9756,1080.5,1097.0385,748.8048,20.0,38.2692,40.6394,478.5,495.2692,329.8465,41.3,43.5583,28.1803,48.55,48.3042,25.4504,756.0,776.4231,523.4231,15.0,21.0385,22.9756,30.5,38.8462,34.9591,20.0,38.2692,40.6394,16.9,17.8091,5.8144,0.0,0.0564,0.0723,32.9,34.2409,22.9628,0.215,0.275,0.273,0.0,0.0565,0.0857,0.0,0.0612,0.0978,0.045,0.0677,0.0859,0.025,0.0669,0.0813
Liverpool,26.0,26.6667,3.6652,28.0,25.1905,8.9254,20.0,18.3333,11.922,1717.0,1643.0952,977.499,9.0,15.9524,14.7969,7.0,13.0952,15.9528,9.0,11.7619,12.8798,2.0,4.1905,4.7183,26.0,28.4762,23.9324,16.0,17.619,14.6679,1.2,2.6762,3.1846,1.7,3.6762,5.514,38.0,38.0,2.8284,1.06,1.06,0.198,50.0,50.0,70.7107,69.5,69.5,2.687,4.0,6.5238,6.6304,0.32,0.3286,0.2382,35.0,50.8095,45.6318,2.54,2.6233,1.5061,6.0,32.0952,45.268,12.0,15.6667,13.5474,16.0,19.0476,16.4787,12.0,16.2857,13.1269,1.0,2.619,4.3986,66.0,70.7143,48.991,9.0,18.0952,26.1341,42.9,50.2238,21.816,41.0,69.5714,71.3075,681.0,807.1429,634.1774,83.8,82.9429,7.5456,1.0,3.7143,5.9594,12.0,22.4286,22.8091,8.0,19.0476,23.2368,71.0,83.9524,68.3999,11124.0,13712.9524,11314.6365,60.8,60.2762,15.2503,88.3,86.7905,9.5737,91.7,91.2952,5.9198,2.0,2.8571,3.9911,1.0,3.8095,6.4932,0.0,0.0952,0.3008,3.0,3.0476,2.2688,19.0,24.2857,21.1852,218.0,321.2381,285.0821,218.0,321.2381,285.0821,44.0,57.381,73.4884,6.0,14.0476,26.1753,550.0,655.0,456.142,187.0,314.619,329.937,32.0,102.3333,159.9029,11.0,14.9524,16.1693,307.0,513.4762,469.2663,19.0,23.0476,25.3288,24.0,35.6667,36.5162,1598.0,1773.381,1235.2182,54.0,83.0476,111.0079,606.0,798.2381,570.0718,49.0,54.8,20.7549,44.35,38.22,18.6735,860.0,1139.4286,817.5649,24.0,35.6667,36.5162,71.0,83.9524,68.3999,54.0,83.0476,111.0079,14.6,15.4889,4.0289,0.075,0.0756,0.0704,32.8,31.4944,15.1569,0.35,0.4843,0.4351,0.16,0.139,0.1319,0.04,0.1652,0.2318,0.07,0.1843,0.2071,0.11,0.1305,0.1094
Manchester City,26.0,26.44,4.8052,23.0,19.88,8.9737,17.0,15.36,8.6259,1494.0,1381.36,766.2823,11.0,12.44,9.6007,5.0,8.2,8.5829,9.0,9.16,7.0986,1.0,3.28,4.8177,15.0,18.44,17.0589,7.0,11.2,10.8896,1.5,2.028,2.2494,1.3,2.52,4.1754,29.9,29.9,6.9296,1.285,1.285,0.2616,0.0,0.0,0.0,68.25,68.25,0.3536,3.0,4.64,4.5541,0.26,0.2756,0.2381,33.0,39.76,33.9353,2.08,2.3836,1.7463,8.0,23.6,32.2477,12.0,13.88,11.4721,11.0,10.64,8.1847,8.0,11.96,11.1186,0.0,1.68,2.4617,46.0,53.0,35.2905,5.0,11.12,13.4886,47.3,45.18,20.9399,42.0,62.0,64.9455,676.0,793.52,591.8991,87.7,86.504,6.9568,1.0,2.32,3.1718,9.0,17.24,16.8456,11.0,15.88,16.2027,64.0,70.28,60.4218,10078.0,12871.28,9746.2289,64.3,59.776,12.4088,91.9,89.516,7.834,94.4,92.128,6.1261,0.0,1.92,2.5645,1.0,2.64,4.4147,0.0,0.04,0.2,2.0,2.32,1.7493,23.0,31.16,27.5495,324.0,353.4,278.8552,324.0,353.4,278.8552,22.0,48.52,51.76,3.0,14.48,23.3686,590.0,664.68,466.3453,197.0,241.56,242.9105,39.0,78.52,139.2914,13.0,14.88,14.5095,331.0,447.28,395.8675,14.0,17.4,15.1245,35.0,41.64,45.4422,1714.0,2051.96,1583.709,26.0,69.6,78.2176,630.0,783.04,543.7994,45.7,47.8957,26.4137,36.1,37.5609,23.6578,892.0,1033.8,699.0406,35.0,41.64,45.4422,64.0,70.28,60.4218,26.0,69.6,78.2176,17.85,17.0273,4.8395,0.105,0.1327,0.2103,32.05,31.45,21.1804,0.33,0.4636,0.5137,0.0,0.102,0.1414,0.06,0.1784,0.2456,0.07,0.1608,0.2178,0.07,0.1164,0.122
Manchester United,25.0,25.0667,5.1121,20.0,17.6667,11.4541,11.5,12.8333,10.7802,1071.0,1149.6667,931.0153,8.0,11.6,11.1806,5.0,11.4667,12.7218,6.0,8.3333,8.6676,1.0,3.2667,4.7846,13.0,25.1,27.8225,8.5,15.1333,17.0106,0.35,1.2,1.7076,0.7,1.6033,2.2677,13.65,13.65,19.304,2.65,2.65,1.9092,25.0,25.0,,51.15,51.15,25.2437,0.5,2.2,3.9164,0.015,0.117,0.2071,14.5,28.2667,35.9424,1.83,2.1653,1.441,6.0,19.0333,35.1965,7.0,11.3,11.5673,9.0,12.5333,11.667,10.0,15.1667,17.605,0.5,2.0667,3.1616,31.5,53.1,51.3348,8.5,14.6333,15.9795,50.0,48.2724,21.3428,18.0,33.9333,39.7778,286.0,512.8667,464.7707,82.6,81.9467,7.5975,1.0,2.2,2.929,6.0,12.2,17.3074,5.0,9.9333,14.6944,22.0,43.2,55.7509,3685.5,8413.7667,8136.4066,54.85,57.9067,18.4361,86.55,84.8733,8.8639,90.9,90.26,4.8779,0.0,0.9333,1.9989,0.0,1.3333,2.2642,0.0,0.1,0.4026,2.0,2.6,2.4719,9.5,14.8,18.1629,78.0,177.8667,219.1376,78.0,177.8667,219.1376,17.0,29.0333,37.5284,1.0,7.0,15.2519,310.0,461.8333,401.0442,126.5,265.8333,314.0137,22.5,79.2,182.869,4.5,11.0667,13.8014,206.0,319.6,307.2098,9.5,15.7,17.765,10.0,21.0667,31.189,744.5,1155.9333,1107.4359,14.5,42.7,64.3258,385.0,508.0,438.9121,46.9,47.6778,28.7612,50.0,46.7667,27.1357,517.0,756.2667,662.1173,10.0,21.0667,31.189,22.0,43.2,55.7509,14.5,42.7,64.3258,16.05,15.8,5.3707,0.02,0.0537,0.0686,26.8,26.4542,16.5213,0.185,0.366,0.4584,0.0,0.044,0.0853,0.0,0.0743,0.1171,0.06,0.1267,0.161,0.06,0.081,0.0874
Newcastle United,27.0,27.5217,4.7278,27.0,23.2174,10.1442,14.0,16.7391,12.5887,1503.0,1502.8696,1050.9113,17.0,17.1304,14.1944,6.0,11.0435,11.8455,9.0,11.4783,10.2906,3.0,5.6522,7.1897,22.0,24.4348,22.0224,15.0,14.9565,13.693,0.9,1.8826,2.2775,0.5,2.6348,4.437,39.0,39.0,15.5563,1.26,1.26,0.0849,50.0,50.0,,70.4,70.4,0.4243,3.0,4.8261,5.3822,0.23,0.2217,0.2113,32.0,37.1304,35.9435,1.89,2.0639,1.3871,10.0,27.5217,39.3549,11.0,18.2174,24.0963,9.0,15.8261,16.9428,14.0,18.4348,19.6996,2.0,3.087,4.3161,49.0,66.5217,58.2377,7.0,19.3043,29.007,50.0,49.5217,24.045,26.0,45.6087,48.6076,479.0,616.8696,528.1401,81.8,79.713,6.8268,0.0,2.8261,4.6579,8.0,15.8261,16.5877,8.0,15.4783,18.7735,59.0,63.1739,62.6503,6849.0,10418.6522,9383.7411,52.3,54.2619,12.6489,86.8,85.2957,11.2003,88.6,87.7348,7.6141,1.0,2.087,2.8431,0.0,2.7826,5.187,0.0,0.0435,0.2085,2.0,2.6087,3.0262,14.0,18.4348,17.4508,133.0,243.1304,228.0706,133.0,243.1304,228.0706,33.0,43.0,46.8877,4.0,10.7391,15.9152,498.0,525.5217,429.8606,122.0,301.7391,343.436,26.0,91.7391,145.6213,8.0,17.9565,20.319,232.0,387.8261,354.6575,11.0,19.1304,17.6746,14.0,29.8261,33.4401,1519.0,1429.9565,1147.037,22.0,62.6957,71.5856,567.0,612.3043,506.4,45.3,43.0714,16.9403,46.9,44.981,16.6982,773.0,923.6522,736.1552,14.0,29.8261,33.4401,59.0,63.1739,62.6503,22.0,62.6957,71.5856,15.0,15.6381,3.64,0.05,0.0848,0.1074,25.6,23.5952,16.4163,0.3,0.383,0.4078,0.04,0.103,0.1268,0.0,0.1609,0.2581,0.12,0.143,0.162,0.08,0.0974,0.0903
Nottingham Forest,26.5,26.7727,3.598,30.0,24.5,10.888,19.0,17.5,13.3014,1804.0,1572.6818,1104.9251,11.0,18.2727,18.0322,11.0,13.5,11.3421,8.5,11.4545,10.5728,3.5,6.8182,10.0647,20.5,28.7273,25.9417,13.0,17.3182,16.019,1.1,1.4091,1.4319,1.4,1.9227,2.6047,37.1,37.1,,1.2,1.2,,0.0,0.0,,74.3,74.3,,2.0,3.8182,4.876,0.155,0.2109,0.2206,23.5,33.3636,32.4295,1.755,1.8891,1.2752,6.5,24.5455,37.8515,10.0,17.4091,17.1483,12.0,16.9545,14.0458,19.0,23.3636,27.2756,1.0,3.7727,6.3014,47.0,66.3182,54.882,13.5,24.1364,26.8049,44.3,50.4227,20.815,27.0,39.8182,38.3252,390.0,443.8636,344.0947,76.85,73.8591,8.5465,1.0,2.5455,3.5554,10.0,14.1364,15.1258,7.0,9.9545,10.7059,35.0,45.9545,43.8477,5741.5,7599.0455,6391.096,42.3,44.8955,15.6442,81.65,77.9364,11.8444,88.05,86.2727,7.7672,1.0,1.7727,2.4868,1.0,2.4091,4.1594,0.0,0.0909,0.2942,3.0,3.7273,3.2394,10.5,16.5,17.8239,127.0,210.8636,207.4536,127.0,210.8636,207.4536,21.0,32.4545,32.1258,2.0,7.9091,12.7014,369.5,359.6364,275.2719,154.0,271.2727,291.7609,35.0,104.8636,177.0508,10.0,13.3636,13.4254,246.0,314.9091,266.4136,18.0,23.6818,24.084,13.0,26.1818,33.9518,834.5,1099.4091,1012.9616,18.5,45.5909,58.0613,452.0,440.3182,334.7605,45.0,49.3389,24.3822,39.1,39.2889,21.9448,849.0,787.0,571.4851,13.0,26.1818,33.9518,35.0,45.9545,43.8477,18.5,45.5909,58.0613,18.8,19.125,6.3517,0.07,0.0785,0.081,36.45,39.045,26.1034,0.265,0.4236,0.4015,0.055,0.0905,0.105,0.065,0.1173,0.1585,0.07,0.1105,0.1312,0.065,0.085,0.085
Southampton,26.0,26.4828,4.1886,20.0,18.6552,10.3795,13.0,13.2414,9.8404,1178.0,1184.3103,856.2373,8.0,13.3793,14.915,5.0,9.6207,12.2632,5.0,7.4828,8.0028,2.0,5.8966,9.1353,13.0,20.4138,19.7295,7.0,11.8276,11.3139,0.5,0.8103,0.9221,0.5,1.0724,1.3879,0.0,2.4667,4.2724,2.33,2.41,0.1652,14.3,14.3,20.2233,67.1,67.4667,2.669,1.0,1.3793,1.8787,0.06,0.1076,0.1403,15.0,20.0345,20.1255,1.37,1.4059,0.8521,6.0,17.6207,26.8586,8.0,13.6552,15.7645,12.0,14.7586,13.4288,8.0,12.6552,13.7432,0.0,1.5172,2.6271,23.0,46.0,44.2606,8.0,14.6207,20.9172,54.5,54.4517,22.8021,13.0,32.2414,39.4839,257.0,499.7931,481.2135,80.2,80.8517,8.1607,1.0,1.8621,2.6012,5.0,8.8276,9.4494,5.0,7.0,7.7644,24.0,36.4483,39.4576,4218.0,8476.6207,8576.5827,55.25,53.6964,17.1269,89.5,85.3621,10.849,90.9,89.5966,7.0819,0.0,0.5172,0.829,0.0,0.8276,1.0713,0.0,0.1034,0.4093,2.0,2.8621,2.9487,9.0,15.2414,18.7952,131.0,154.3448,149.2857,131.0,154.3448,149.2857,15.0,21.8621,20.8647,1.0,5.1034,7.5892,253.0,406.8966,363.2548,161.0,265.3448,322.2261,42.0,93.6552,170.6394,5.0,11.1379,13.7652,198.0,313.4138,308.402,10.0,14.931,15.0284,10.0,20.6207,26.9105,599.0,1101.3448,1119.563,20.0,35.3448,38.7061,349.0,494.3448,436.3488,43.35,47.3846,27.4907,44.95,42.8885,27.787,457.0,726.7931,636.2734,10.0,20.6207,26.9105,24.0,36.4483,39.4576,20.0,35.3448,38.7061,18.1,17.312,6.0873,0.05,0.0704,0.0965,30.0,25.888,22.6141,0.14,0.2159,0.2865,0.0,0.0431,0.0972,0.0,0.0514,0.0764,0.04,0.0776,0.0896,0.03,0.0545,0.0587
Tottenham Hotspur,25.0,25.2222,4.5263,22.0,19.3333,9.2321,16.0,14.2222,8.0924,1300.0,1277.7778,694.5651,15.0,15.1481,12.2497,10.0,10.7778,10.8249,9.0,9.8889,9.3288,5.0,5.2593,5.23,14.0,22.8519,20.7767,9.0,14.4815,14.001,0.9,1.5815,2.0201,0.7,2.1,2.9091,17.4,18.9,5.5055,1.75,1.7733,0.3556,0.0,0.0,,64.9,63.4,6.4815,2.0,3.8148,4.5996,0.19,0.2496,0.2483,18.0,31.3704,36.5178,1.57,1.9548,1.5126,13.0,26.8519,42.5773,11.0,16.963,15.2983,10.0,15.0741,13.2198,11.0,14.9259,14.1664,1.0,2.1852,3.187,59.0,57.6667,41.0169,9.0,14.6296,14.0798,51.4,51.0704,23.3917,39.0,45.1111,39.4903,703.0,581.1111,373.3527,84.8,80.4704,8.376,1.0,3.037,5.1177,7.0,13.5185,17.6904,8.0,13.3704,16.639,49.0,56.9259,47.1331,10567.0,9644.8519,6442.9429,55.6,54.4296,14.8176,89.8,84.4407,11.1162,91.0,89.2111,6.8975,1.0,1.7037,2.3829,1.0,2.2222,3.2502,0.0,0.037,0.1925,2.0,2.4444,2.326,18.0,19.8519,17.0558,168.0,222.3333,227.9909,168.0,222.3333,227.9909,24.0,35.8889,42.5082,4.0,8.7037,12.0058,588.0,528.1481,309.8133,228.0,275.1852,231.3053,60.0,86.3333,119.4033,11.0,14.7407,16.3862,393.0,358.7037,259.8236,16.0,18.4074,18.2109,18.0,29.5185,29.1236,1526.0,1462.7407,859.131,31.0,56.5185,69.3033,629.0,576.4074,339.1684,42.15,44.3,25.4629,48.55,42.6269,24.1807,892.0,847.9259,515.9539,18.0,29.5185,29.1236,49.0,56.9259,47.1331,31.0,56.5185,69.3033,16.9,16.4083,5.0732,0.055,0.0746,0.0809,34.15,32.9125,19.2558,0.29,0.4019,0.3958,0.07,0.1178,0.1505,0.06,0.1348,0.1936,0.06,0.1407,0.1712,0.08,0.1067,0.1108
West Ham United,28.0,28.16,5.0964,20.0,21.56,8.5298,14.0,15.4,10.8628,1070.0,1381.52,914.3885,14.0,16.64,13.4098,8.0,12.24,14.7741,9.0,10.36,8.0409,4.0,6.28,8.2286,17.0,23.6,20.8167,11.0,14.0,12.3288,1.1,1.26,1.4036,1.2,1.776,2.2549,17.05,17.05,0.495,1.685,1.685,0.0071,0.0,0.0,,68.75,68.75,8.2731,1.0,2.28,3.1953,0.1,0.1344,0.1664,19.0,30.16,30.7648,2.31,2.1908,1.484,13.0,22.4,27.5197,11.0,15.12,17.6784,15.0,16.28,14.261,12.0,20.84,19.4844,1.0,2.8,4.2817,43.0,57.16,47.9676,10.0,21.68,27.4252,50.0,51.14,16.7432,37.0,39.32,33.5345,517.0,533.44,408.4354,79.9,78.42,7.805,1.0,2.6,3.5824,9.0,12.2,12.3828,4.0,10.0,12.6951,31.0,45.0,41.3118,8610.0,9381.76,7369.5928,53.7,54.144,15.9062,85.6,83.252,10.6247,89.7,88.676,6.9679,1.0,0.96,1.5133,0.0,1.48,2.6,0.0,0.12,0.3317,2.0,2.96,2.6533,10.0,14.56,16.6185,118.0,178.52,184.7341,118.0,178.52,184.7341,23.0,30.88,38.8601,2.0,6.48,13.166,321.0,421.8,318.0883,196.0,304.12,314.9535,39.0,107.88,177.8879,6.0,14.68,22.2537,366.0,355.88,288.7511,12.0,18.28,19.6882,11.0,22.92,30.3698,714.0,1077.4,937.0678,25.0,44.64,57.7912,459.0,529.56,390.6218,47.6,49.4,20.5144,45.7,38.7875,20.9956,668.0,830.56,599.2431,11.0,22.92,30.3698,31.0,45.0,41.3118,25.0,44.64,57.7912,16.7,17.7913,5.5917,0.0,0.047,0.0618,26.9,23.7913,13.9695,0.23,0.3836,0.4092,0.03,0.0744,0.1364,0.0,0.084,0.1253,0.07,0.1372,0.1592,0.08,0.1008,0.0972
Wolverhampton Wanderers,26.0,27.1739,4.0525,26.0,22.7826,8.9237,15.0,16.6522,10.9071,1364.0,1495.2174,875.6225,16.0,18.0435,12.6076,9.0,12.087,9.83,10.0,12.1739,10.4431,4.0,5.8696,6.0476,21.0,32.087,28.1956,13.0,18.913,17.5808,0.9,1.4,1.7794,0.8,1.7609,2.4799,12.95,12.95,18.3141,2.05,2.05,0.5374,16.65,16.65,23.5467,61.75,61.75,0.3536,3.0,3.913,4.1441,0.18,0.2526,0.24,21.0,29.5217,28.0468,1.71,1.7804,1.0607,10.0,21.6522,30.6929,10.0,16.913,17.0851,15.0,19.7826,17.5031,16.0,19.0435,19.6711,1.0,2.5217,3.3148,43.0,65.6087,50.6949,10.0,17.7391,17.5324,40.7,46.1565,23.2017,26.0,39.2609,33.2541,484.0,563.5652,411.401,80.4,77.8435,8.7184,1.0,2.7826,3.4897,10.0,12.3913,12.4781,4.0,10.8261,12.6802,31.0,45.913,41.0985,9479.0,9615.913,6491.2173,56.0,52.4522,15.7218,86.5,84.8435,9.3796,90.4,88.3304,6.9247,1.0,1.6957,2.2245,1.0,2.1739,3.9388,0.0,0.087,0.2881,2.0,3.2174,2.7462,13.0,17.913,21.8339,124.0,181.7391,186.2923,124.0,181.7391,186.2923,23.0,28.3043,31.8483,3.0,5.6957,8.6887,390.0,480.6087,307.3461,304.0,311.087,256.9119,59.0,103.4348,151.4526,11.0,14.4348,15.2876,329.0,393.6522,316.276,16.0,23.0435,22.7406,12.0,23.5652,27.7895,1038.0,1328.6957,911.0665,28.0,45.2609,47.7619,482.0,559.2174,370.7579,45.6,44.1381,22.4345,41.7,42.9524,22.9816,756.0,875.8261,572.2618,12.0,23.5652,27.7895,31.0,45.913,41.0985,28.0,45.2609,47.7619,18.1,18.0476,5.6709,0.07,0.0981,0.1178,28.6,30.5905,17.0213,0.23,0.3496,0.4017,0.04,0.1004,0.1303,0.07,0.1222,0.167,0.08,0.1113,0.1172,0.07,0.0796,0.0761
